,2020-01-01,temp_max,temp_min,precipitation,visibility,max_wind_speed
0,2013-01-02,34,24,0.00,10,18
1,2013-01-04,38,34,0.00,10,20
2,2013-01-05,43,34,0.00,10,18
3,2013-01-06,46,35,0.00,10,16
4,2013-01-07,45,38,0.00,10,16
5,2013-01-08,49,37,0.00,10,17
6,2013-01-09,50,37,0.00,10,23
7,2013-01-10,48,40,0.00,10,20
8,2013-01-11,45,37,0.00,10,10
9,2013-01-12,45,42,0.00,7,13
10,2013-01-13,50,42,0.00,10,9
11,2013-01-14,55,40,0.00,10,18
12,2013-01-15,39,36,0.00,10,10
13,2013-01-16,38,33,0.00,10,10
14,2013-01-17,43,37,0.00,10,17
15,2013-01-18,35,26,0.00,10,16
16,2013-01-19,52,30,0.00,10,20
17,2013-01-20,54,33,0.00,10,28
18,2013-01-21,32,28,0.00,10,18
19,2013-01-22,28,16,0.00,10,24
20,2013-01-23,19,12,0.00,10,20
21,2013-01-24,24,15,0.00,10,29
22,2013-01-25,25,15,0.00,10,17
23,2013-01-26,29,18,0.00,10,22
24,2013-01-28,36,30,0.00,10,13
25,2013-01-29,45,37,0.00,9,16
26,2013-01-30,54,37,0.00,10,21
27,2013-01-31,59,31,0.00,10,40
28,2013-02-01,32,25,0.00,10,22
29,2013-02-02,29,20,0.00,10,16
30,2013-02-03,31,24,0.00,10,14
31,2013-02-04,31,25,0.00,10,22
32,2013-02-05,31,28,0.00,10,14
33,2013-02-06,39,30,0.00,10,20
34,2013-02-07,32,27,0.00,10,12
35,2013-02-08,36,28,0.00,10,29
36,2013-02-09,34,25,0.00,10,28
37,2013-02-10,36,20,0.00,10,15
38,2013-02-11,45,34,0.00,10,10
39,2013-02-12,44,39,0.00,10,23
40,2013-02-13,43,34,0.00,10,12
41,2013-02-14,46,34,0.00,10,15
42,2013-02-15,52,38,0.00,10,14
43,2013-02-16,39,32,0.00,10,17
44,2013-02-17,31,19,0.00,10,35
45,2013-02-18,36,19,0.00,10,29
46,2013-02-19,47,33,0.00,10,17
47,2013-02-20,39,27,0.00,10,28
48,2013-02-21,34,26,0.00,10,26
49,2013-02-22,39,27,0.00,10,12
50,2013-02-23,39,35,0.00,10,17
51,2013-02-24,45,35,0.00,10,23
52,2013-02-25,43,33,0.00,10,14
53,2013-02-26,44,34,0.00,10,18
54,2013-02-27,48,37,0.00,10,28
55,2013-02-28,49,41,0.00,10,16
56,2013-03-01,44,37,0.00,10,17
57,2013-03-02,39,32,0.00,10,16
58,2013-03-03,40,30,0.00,10,20
59,2013-03-04,40,28,0.00,10,25
60,2013-03-05,47,33,0.00,10,17
61,2013-03-06,43,38,0.00,10,36
62,2013-03-07,38,34,0.00,10,23
63,2013-03-08,42,32,0.00,10,22
64,2013-03-09,54,37,0.00,10,21
65,2013-03-10,46,35,0.00,10,10
66,2013-03-11,52,39,0.00,10,18
67,2013-03-12,55,45,0.00,10,29
68,2013-03-13,51,41,0.00,10,20
69,2013-03-14,41,30,0.00,10,30
70,2013-03-15,47,31,0.00,10,22
71,2013-03-16,42,33,0.00,10,15
72,2013-03-17,38,30,0.00,10,17
73,2013-03-18,35,29,0.00,10,18
74,2013-03-19,44,34,0.00,10,24
75,2013-03-20,45,34,0.00,10,21
76,2013-03-21,38,33,0.00,10,20
77,2013-03-22,41,30,0.00,10,20
78,2013-03-23,45,35,0.00,10,23
79,2013-03-24,46,34,0.00,10,14
80,2013-03-25,40,37,0.00,10,23
81,2013-03-26,49,39,0.00,10,13
82,2013-03-27,52,38,0.00,10,24
83,2013-03-28,49,39,0.00,10,21
84,2013-03-29,54,42,0.00,10,20
85,2013-03-30,57,42,0.00,10,14
86,2013-03-31,54,40,0.00,10,22
87,2013-04-01,61,40,0.00,10,29
88,2013-04-02,44,34,0.00,10,24
89,2013-04-03,46,35,0.00,10,24
90,2013-04-04,49,35,0.00,10,18
91,2013-04-05,61,42,0.00,10,25
92,2013-04-07,54,41,0.00,10,29
93,2013-04-08,71,47,0.00,10,13
94,2013-04-09,80,47,0.00,10,24
95,2013-04-10,69,53,0.00,10,33
96,2013-04-11,59,48,0.00,10,18
97,2013-04-12,47,42,0.00,10,25
98,2013-04-13,56,42,0.00,10,12
99,2013-04-14,55,49,0.00,10,18
100,2013-04-15,56,45,0.00,10,15
101,2013-04-16,60,47,0.00,10,24
102,2013-04-17,68,55,0.00,10,13
103,2013-04-18,61,50,0.00,10,18
104,2013-04-19,70,54,0.00,10,28
105,2013-04-20,64,50,0.00,10,21
106,2013-04-21,52,39,0.00,10,20
107,2013-04-22,55,42,0.00,10,21
108,2013-04-23,52,42,0.00,10,21
109,2013-04-25,67,48,0.00,10,22
110,2013-04-26,65,51,0.00,10,16
111,2013-04-27,67,49,0.00,10,13
112,2013-04-28,67,51,0.00,10,20
113,2013-04-29,59,54,0.00,10,13
114,2013-04-30,65,51,0.00,10,15
115,2013-05-01,66,49,0.00,10,15
116,2013-05-02,67,50,0.00,10,13
117,2013-05-03,63,51,0.00,10,17
118,2013-05-04,66,50,0.00,10,15
119,2013-05-05,60,46,0.00,10,16
120,2013-05-06,67,47,0.00,10,13
121,2013-05-07,71,53,0.00,10,14
122,2013-05-08,65,55,0.00,10,20
123,2013-05-09,68,55,0.00,10,13
124,2013-05-10,80,61,0.00,10,18
125,2013-05-11,68,62,0.00,10,14
126,2013-05-12,69,55,0.00,10,24
127,2013-05-13,56,49,0.00,10,21
128,2013-05-14,62,45,0.00,10,17
129,2013-05-15,69,54,0.00,10,18
130,2013-05-16,78,63,0.00,10,16
131,2013-05-17,73,61,0.00,10,16
132,2013-05-18,65,56,0.00,10,12
133,2013-05-20,78,57,0.00,10,13
134,2013-05-21,85,68,0.00,10,18
135,2013-05-22,78,57,0.00,10,20
136,2013-05-23,79,64,0.00,10,18
137,2013-05-24,67,49,0.00,10,22
138,2013-05-25,55,46,0.00,10,30
139,2013-05-26,66,50,0.00,10,23
140,2013-05-27,76,56,0.00,10,14
141,2013-05-28,71,57,0.00,10,13
142,2013-05-29,81,57,0.00,10,12
143,2013-05-30,93,74,0.00,10,13
144,2013-05-31,92,77,0.00,10,14
145,2013-06-01,89,75,0.00,10,14
146,2013-06-02,87,70,0.00,10,18
147,2013-06-03,77,70,0.00,10,13
148,2013-06-04,75,59,0.00,10,17
149,2013-06-05,72,59,0.00,10,12
150,2013-06-06,71,60,0.00,10,15
151,2013-06-07,65,59,0.00,10,28
152,2013-06-08,77,57,0.00,10,21
153,2013-06-09,81,64,0.00,10,14
154,2013-06-10,68,62,0.00,10,18
155,2013-06-11,81,63,0.00,10,26
156,2013-06-12,76,66,0.00,10,24
157,2013-06-13,71,59,0.00,10,32
158,2013-06-14,73,55,0.00,10,20
159,2013-06-15,81,65,0.00,10,13
160,2013-06-16,82,69,0.00,10,21
161,2013-06-17,86,71,0.00,10,15
162,2013-06-18,80,66,0.00,10,15
163,2013-06-19,76,61,0.00,10,16
164,2013-06-20,79,65,0.00,10,17
165,2013-06-21,81,66,0.00,10,16
166,2013-06-23,87,71,0.00,10,20
167,2013-06-24,94,76,0.00,10,17
168,2013-06-25,93,75,0.00,10,16
169,2013-06-26,88,77,0.00,10,18
170,2013-06-27,82,73,0.00,10,18
171,2013-06-28,87,73,0.00,10,15
172,2013-06-30,85,73,0.00,10,15
173,2013-07-01,78,73,0.00,10,18
174,2013-07-02,83,73,0.00,10,16
175,2013-07-03,84,74,0.00,10,18
176,2013-07-04,91,77,0.00,10,15
177,2013-07-05,92,77,0.00,10,15
178,2013-07-06,95,79,0.00,10,16
179,2013-07-07,96,82,0.00,10,16
180,2013-07-08,90,76,0.00,10,16
181,2013-07-10,91,75,0.00,10,18
182,2013-07-11,84,77,0.00,10,14
183,2013-07-12,77,69,0.00,10,18
184,2013-07-13,76,69,0.00,10,16
185,2013-07-14,93,72,0.00,10,15
186,2013-07-15,94,80,0.00,10,17
187,2013-07-16,93,80,0.00,10,16
188,2013-07-17,95,79,0.00,10,15
189,2013-07-18,99,83,0.00,10,13
190,2013-07-19,99,86,0.00,10,18
191,2013-07-20,94,83,0.00,10,20
192,2013-07-22,81,75,0.00,10,16
193,2013-07-23,89,75,0.00,10,14
194,2013-07-24,82,72,0.00,10,17
195,2013-07-25,69,64,0.00,10,17
196,2013-07-26,82,65,0.00,10,13
197,2013-07-27,83,71,0.00,10,18
198,2013-07-28,81,71,0.00,10,15
199,2013-07-29,87,71,0.00,10,20
200,2013-07-30,81,70,0.00,10,14
201,2013-07-31,82,71,0.00,10,13
202,2013-08-01,78,69,0.00,10,15
203,2013-08-02,85,70,0.00,10,16
204,2013-08-03,80,72,0.00,10,13
205,2013-08-04,80,70,0.00,10,18
206,2013-08-05,78,65,0.00,10,17
207,2013-08-06,81,67,0.00,10,15
208,2013-08-07,80,72,0.00,10,21
209,2013-08-08,81,71,0.00,10,15
210,2013-08-09,88,73,0.00,10,21
211,2013-08-10,84,72,0.00,10,16
212,2013-08-11,81,67,0.00,10,14
213,2013-08-12,81,71,0.00,10,9
214,2013-08-13,78,70,0.00,10,10
215,2013-08-14,74,62,0.00,10,22
216,2013-08-15,77,63,0.00,10,13
217,2013-08-16,78,67,0.00,10,13
218,2013-08-17,81,68,0.00,10,12
219,2013-08-18,75,69,0.00,10,9
220,2013-08-19,80,68,0.00,10,12
221,2013-08-20,88,70,0.00,10,10
222,2013-08-21,89,75,0.00,10,15
223,2013-08-22,79,73,0.00,10,15
224,2013-08-23,81,72,0.00,10,17
225,2013-08-24,78,64,0.00,10,15
226,2013-08-25,83,68,0.00,10,16
227,2013-08-26,84,70,0.00,10,14
228,2013-08-27,85,73,0.00,10,21
229,2013-08-28,82,73,0.00,10,10
230,2013-08-29,78,72,0.00,10,16
231,2013-08-30,85,70,0.00,10,13
232,2013-08-31,85,73,0.00,10,15
233,2013-09-01,84,75,0.00,10,13
234,2013-09-02,81,72,0.00,10,14
235,2013-09-03,82,72,0.00,10,16
236,2013-09-04,82,67,0.00,10,18
237,2013-09-05,77,67,0.00,10,15
238,2013-09-06,71,57,0.00,10,13
239,2013-09-07,78,61,0.00,10,15
240,2013-09-08,80,66,0.00,10,18
241,2013-09-09,72,59,0.00,10,13
242,2013-09-10,87,69,0.00,10,13
243,2013-09-11,93,77,0.00,10,16
244,2013-09-12,85,71,0.00,10,21
245,2013-09-13,76,62,0.00,10,20
246,2013-09-14,66,56,0.00,10,16
247,2013-09-15,72,54,0.00,10,13
248,2013-09-16,71,61,0.00,10,18
249,2013-09-17,64,50,0.00,10,17
250,2013-09-18,71,55,0.00,10,12
251,2013-09-19,76,57,0.00,10,14
252,2013-09-20,77,62,0.00,10,15
253,2013-09-21,75,61,0.00,10,24
254,2013-09-22,70,58,0.00,10,21
255,2013-09-23,66,52,0.00,10,17
256,2013-09-24,73,50,0.00,10,14
257,2013-09-25,72,55,0.00,10,9
258,2013-09-26,68,59,0.00,10,16
259,2013-09-27,66,57,0.00,10,12
260,2013-09-28,72,58,0.00,10,13
261,2013-09-29,70,60,0.00,10,12
262,2013-09-30,73,58,0.00,10,9
263,2013-10-01,80,62,0.00,10,12
264,2013-10-02,84,66,0.00,10,13
265,2013-10-03,79,65,0.00,10,8
266,2013-10-04,85,68,0.00,10,14
267,2013-10-05,73,64,0.00,10,14
268,2013-10-06,70,64,0.00,9,14
269,2013-10-07,77,63,0.00,10,26
270,2013-10-08,66,56,0.00,10,16
271,2013-10-09,63,54,0.00,10,22
272,2013-10-10,65,55,0.00,10,22
273,2013-10-11,69,61,0.00,10,22
274,2013-10-12,72,61,0.00,10,24
275,2013-10-13,64,57,0.00,10,23
276,2013-10-14,64,53,0.00,10,10
277,2013-10-15,68,56,0.00,10,12
278,2013-10-16,64,57,0.00,10,10
279,2013-10-17,72,61,0.00,10,14
280,2013-10-18,68,58,0.00,10,22
281,2013-10-19,63,54,0.00,10,10
282,2013-10-20,63,51,0.00,10,21
283,2013-10-21,66,53,0.00,10,16
284,2013-10-22,66,54,0.00,10,15
285,2013-10-23,54,48,0.00,10,16
286,2013-10-25,54,42,0.00,10,20
287,2013-10-26,55,44,0.00,10,20
288,2013-10-27,58,49,0.00,10,15
289,2013-10-28,61,45,0.00,10,15
290,2013-10-29,54,44,0.00,10,12
291,2013-10-30,59,48,0.00,10,12
292,2013-10-31,65,54,0.00,10,14
293,2013-11-01,70,62,0.00,10,21
294,2013-11-02,67,56,0.00,10,15
295,2013-11-04,45,34,0.00,10,16
296,2013-11-06,59,48,0.00,10,14
297,2013-11-07,63,46,0.00,10,24
298,2013-11-08,49,41,0.00,10,22
299,2013-11-09,50,40,0.00,10,16
300,2013-11-10,60,45,0.00,10,25
301,2013-11-11,53,44,0.00,10,23
302,2013-11-12,51,33,0.00,10,22
303,2013-11-13,39,30,0.00,10,20
304,2013-11-14,52,35,0.00,10,18
305,2013-11-15,56,43,0.00,10,10
306,2013-11-16,58,47,0.00,10,14
307,2013-11-17,61,48,0.00,7,12
308,2013-11-18,65,54,0.00,10,18
309,2013-11-19,50,38,0.00,10,26
310,2013-11-20,44,32,0.00,10,15
311,2013-11-21,51,36,0.00,10,12
312,2013-11-23,54,34,0.00,10,30
313,2013-11-24,30,24,0.00,10,31
314,2013-11-25,35,24,0.00,10,18
315,2013-11-26,44,34,0.00,10,12
316,2013-11-27,59,36,0.00,10,26
317,2013-11-28,35,31,0.00,10,28
318,2013-11-29,38,32,0.00,10,17
319,2013-11-30,37,25,0.00,10,14
320,2013-12-02,45,41,0.00,10,9
321,2013-12-03,53,38,0.00,10,9
322,2013-12-04,48,40,0.00,8,9
323,2013-12-05,58,46,0.00,10,10
324,2013-12-06,55,37,0.00,10,17
325,2013-12-07,41,34,0.00,10,17
326,2013-12-08,33,28,0.00,10,15
327,2013-12-09,39,32,0.00,10,23
328,2013-12-10,38,31,0.00,10,18
329,2013-12-11,33,27,0.00,10,20
330,2013-12-12,29,23,0.00,10,21
331,2013-12-13,35,25,0.00,10,21
332,2013-12-14,36,24,0.00,10,29
333,2013-12-15,39,30,0.00,10,28
334,2013-12-16,33,26,0.00,10,22
335,2013-12-17,32,24,0.00,10,16
336,2013-12-18,37,24,0.00,10,18
337,2013-12-19,44,31,0.00,10,16
338,2013-12-20,52,39,0.00,10,13
339,2013-12-21,60,50,0.00,10,15
340,2013-12-22,69,53,0.00,10,18
341,2013-12-24,41,29,0.00,10,21
342,2013-12-25,30,20,0.00,10,22
343,2013-12-26,36,30,0.00,10,15
344,2013-12-27,40,33,0.00,10,18
345,2013-12-28,55,36,0.00,10,20
346,2013-12-29,47,39,0.00,10,21
347,2013-12-30,44,25,0.00,10,22
348,2013-12-31,32,21,0.00,10,22
349,2014-01-01,33,25,0.00,10,17
350,2014-01-04,27,10,0.00,10,10
351,2014-01-05,48,26,0.00,10,16
352,2014-01-06,52,26,0.00,10,28
353,2014-01-07,15,4,0.00,10,28
354,2014-01-08,23,9,0.00,10,16
355,2014-01-09,33,23,0.00,10,14
356,2014-01-10,34,27,0.00,10,8
357,2014-01-11,55,34,0.00,10,23
358,2014-01-12,54,40,0.00,10,23
359,2014-01-13,49,35,0.00,10,15
360,2014-01-14,49,44,0.00,10,15
361,2014-01-15,46,36,0.00,10,9
362,2014-01-16,41,36,0.00,10,14
363,2014-01-17,45,33,0.00,10,14
364,2014-01-18,38,30,0.00,10,20
365,2014-01-19,38,25,0.00,10,21
366,2014-01-20,46,34,0.00,10,23
367,2014-01-21,29,12,0.00,10,22
368,2014-01-22,18,7,0.00,10,28
369,2014-01-23,21,9,0.00,10,21
370,2014-01-24,19,11,0.00,10,20
371,2014-01-25,27,19,0.00,10,22
372,2014-01-26,31,18,0.00,10,25
373,2014-01-27,43,23,0.00,10,21
374,2014-01-28,20,13,0.00,10,20
375,2014-01-29,23,15,0.00,10,18
376,2014-01-30,29,18,0.00,10,13
377,2014-01-31,39,26,0.00,10,12
378,2014-02-01,43,33,0.00,10,12
379,2014-02-02,54,31,0.00,10,12
380,2014-02-03,41,30,0.00,10,15
381,2014-02-04,36,25,0.00,10,14
382,2014-02-05,34,28,0.00,10,21
383,2014-02-06,30,23,0.00,10,17
384,2014-02-07,33,25,0.00,10,18
385,2014-02-08,29,22,0.00,10,15
386,2014-02-09,29,21,0.00,10,14
387,2014-02-10,29,22,0.00,10,22
388,2014-02-12,23,14,0.00,10,13
389,2014-02-13,36,24,0.00,10,31
390,2014-02-14,40,30,0.00,10,31
391,2014-02-15,36,30,0.00,10,24
392,2014-02-16,29,22,0.00,10,22
393,2014-02-17,32,19,0.00,10,20
394,2014-02-18,39,25,0.00,10,25
395,2014-02-19,44,29,0.00,10,16
396,2014-02-24,43,28,0.00,10,24
397,2014-02-25,32,25,0.00,10,23
398,2014-02-27,32,17,0.00,10,32
399,2014-02-28,24,10,0.00,10,22
400,2014-03-01,37,21,0.00,10,13
401,2014-03-02,39,34,0.00,10,13
402,2014-03-03,31,19,0.00,10,18
403,2014-03-04,29,13,0.00,10,16
404,2014-03-05,36,27,0.00,10,18
405,2014-03-06,29,16,0.00,10,17
406,2014-03-07,36,26,0.00,10,18
407,2014-03-08,55,35,0.00,10,16
408,2014-03-09,43,36,0.00,10,20
409,2014-03-12,54,37,0.00,10,31
410,2014-03-13,33,19,0.00,10,32
411,2014-03-14,43,22,0.00,10,18
412,2014-03-15,58,25,0.00,10,24
413,2014-03-16,42,31,0.00,10,23
414,2014-03-17,32,24,0.00,10,17
415,2014-03-18,39,27,0.00,10,22
416,2014-03-19,46,31,0.00,10,17
417,2014-03-20,53,39,0.99,10,25
418,2014-03-21,50,39,0.00,10,23
419,2014-03-22,63,39,0.00,10,23
420,2014-03-23,43,29,0.00,10,22
421,2014-03-24,34,22,0.00,10,22
422,2014-03-25,37,26,0.00,10,18
423,2014-03-26,34,25,0.00,10,32
424,2014-03-27,41,24,0.00,10,21
425,2014-03-28,60,37,0.00,10,14
426,2014-03-30,47,39,1.97,10,25
427,2014-04-01,58,39,0.02,10,15
428,2014-04-02,53,41,0.00,10,10
429,2014-04-04,47,39,0.09,10,20
430,2014-04-05,53,39,0.17,10,29
431,2014-04-07,52,41,0.00,10,21
432,2014-04-08,64,42,0.99,10,24
433,2014-04-09,58,45,0.01,10,30
434,2014-04-10,56,43,0.00,10,24
435,2014-04-11,72,50,0.00,10,15
436,2014-04-12,69,50,0.00,10,20
437,2014-04-13,72,51,0.00,10,18
438,2014-04-14,70,55,0.00,10,24
439,2014-04-15,60,35,0.10,10,29
440,2014-04-16,47,32,0.82,10,22
441,2014-04-17,46,37,0.00,10,20
442,2014-04-18,46,35,0.00,10,13
443,2014-04-19,65,42,0.00,10,14
444,2014-04-20,55,45,0.00,10,18
445,2014-04-21,62,41,0.00,10,15
446,2014-04-22,65,50,0.00,10,16
447,2014-04-23,62,45,0.00,10,33
448,2014-04-24,60,43,0.00,10,26
449,2014-04-25,59,45,0.00,10,17
450,2014-04-26,64,45,0.70,10,16
451,2014-04-27,56,47,0.06,10,21
452,2014-04-28,63,47,0.00,10,14
453,2014-04-29,51,43,0.00,10,26
454,2014-04-30,49,42,0.55,10,21
455,2014-05-01,76,48,4.88,10,14
456,2014-05-02,67,55,0.01,10,17
457,2014-05-03,68,55,0.00,10,20
458,2014-05-04,63,55,0.03,10,24
459,2014-05-05,67,50,0.00,10,25
460,2014-05-06,66,53,0.00,10,20
461,2014-05-08,58,53,0.32,10,14
462,2014-05-09,65,53,0.09,10,13
463,2014-05-10,81,55,0.00,10,21
464,2014-05-11,80,62,0.93,10,17
465,2014-05-12,82,65,0.00,10,16
466,2014-05-13,71,53,0.00,10,18
467,2014-05-18,65,53,0.00,10,18
468,2014-05-19,69,53,0.00,10,20
469,2014-05-20,76,57,0.00,10,16
470,2014-05-21,74,64,0.00,10,14
471,2014-05-22,65,59,0.27,10,12
472,2014-05-23,67,57,0.01,10,20
473,2014-05-24,66,57,1.09,10,14
474,2014-05-25,80,56,0.02,10,13
475,2014-05-26,86,66,0.00,10,18
476,2014-05-27,86,62,0.00,10,20
477,2014-05-28,61,54,0.00,10,18
478,2014-05-29,63,51,0.00,10,16
479,2014-05-30,74,56,0.00,10,15
480,2014-05-31,68,59,0.03,10,22
481,2014-06-01,76,57,0.01,10,14
482,2014-06-02,78,61,0.00,10,16
483,2014-06-03,85,66,0.00,10,20
484,2014-06-04,79,62,0.06,10,13
485,2014-06-05,76,62,0.40,10,17
486,2014-06-06,76,61,0.30,10,16
487,2014-06-07,82,63,0.00,10,12
488,2014-06-08,84,68,0.00,10,16
489,2014-06-09,73,62,0.45,10,13
490,2014-06-10,75,63,0.79,10,12
491,2014-06-11,68,62,0.04,10,20
492,2014-06-12,76,59,0.01,10,14
493,2014-06-13,75,62,0.14,10,22
494,2014-06-14,73,62,1.43,10,23
495,2014-06-15,78,61,0.00,10,17
496,2014-06-16,78,65,0.00,10,16
497,2014-06-17,87,70,0.00,10,17
498,2014-06-18,87,76,0.00,10,21
499,2014-06-19,78,68,0.00,10,12
500,2014-06-20,79,66,0.00,10,14
501,2014-06-21,75,62,0.00,10,16
502,2014-06-22,77,64,0.00,10,13
503,2014-06-23,81,67,0.00,10,16
504,2014-06-24,80,69,0.00,10,21
505,2014-06-25,84,71,0.00,10,21
506,2014-06-26,85,70,0.07,10,15
507,2014-06-27,81,68,0.00,10,14
508,2014-06-28,87,69,0.00,10,14
509,2014-06-29,81,70,0.00,10,17
510,2014-06-30,84,69,0.00,10,18
511,2014-07-01,87,73,0.00,10,20
512,2014-07-02,90,73,0.00,10,22
513,2014-07-03,88,70,0.65,10,26
514,2014-07-04,74,66,0.71,10,21
515,2014-07-05,82,65,0.16,10,22
516,2014-07-06,86,70,0.00,10,18
517,2014-07-07,92,73,0.00,10,20
518,2014-07-08,93,72,0.18,10,30
519,2014-07-09,87,73,0.00,10,17
520,2014-07-10,81,70,0.00,10,12
521,2014-07-11,84,71,0.00,10,12
522,2014-07-12,86,71,0.00,10,18
523,2014-07-13,81,72,0.00,10,22
524,2014-07-14,84,72,0.41,10,20
525,2014-07-15,86,71,0.57,10,17
526,2014-07-16,82,69,0.93,10,15
527,2014-07-17,81,68,0.00,10,15
528,2014-07-18,81,68,0.00,10,10
529,2014-07-20,75,67,0.00,10,16
530,2014-07-21,83,67,0.00,10,16
531,2014-07-22,85,73,0.00,10,18
532,2014-07-23,88,74,0.00,10,17
533,2014-07-24,80,73,0.12,10,14
534,2014-07-25,82,67,0.00,10,12
535,2014-07-26,81,71,0.00,10,14
536,2014-07-27,87,72,0.00,10,15
537,2014-07-28,84,69,0.26,10,21
538,2014-07-29,76,65,0.00,10,21
539,2014-07-30,81,65,0.00,10,15
540,2014-07-31,82,70,0.00,10,17
541,2014-08-02,73,65,0.34,10,20
542,2014-08-03,75,66,0.12,10,10
543,2014-08-04,82,71,0.01,10,16
544,2014-08-05,87,73,0.00,10,14
545,2014-08-08,82,67,0.00,10,12
546,2014-08-09,85,70,0.00,10,8
547,2014-08-10,86,71,0.00,10,10
548,2014-08-11,86,74,0.00,10,16
549,2014-08-12,80,73,0.00,10,17
550,2014-08-13,82,73,0.00,10,22
551,2014-08-14,79,64,0.15,10,18
552,2014-08-15,72,64,0.00,10,16
553,2014-08-16,78,66,0.00,10,14
554,2014-08-17,81,69,0.00,10,15
555,2014-08-18,80,64,0.01,10,16
556,2014-08-19,79,66,0.00,10,13
557,2014-08-20,82,71,0.00,10,14
558,2014-08-21,80,69,0.07,10,14
559,2014-08-22,76,66,1.20,10,15
560,2014-08-23,73,67,0.04,10,15
561,2014-08-24,80,65,0.00,10,13
562,2014-08-25,86,68,0.00,10,9
563,2014-08-26,85,71,0.00,10,14
564,2014-08-27,89,73,0.00,10,15
565,2014-08-28,80,68,0.00,10,17
566,2014-08-29,77,64,0.00,10,14
567,2014-08-30,77,68,0.00,10,17
568,2014-08-31,89,73,0.00,10,28
569,2014-09-01,87,76,0.79,10,12
570,2014-09-02,92,79,0.00,10,22
571,2014-09-03,84,73,0.00,10,18
572,2014-09-04,85,71,0.00,10,15
573,2014-09-05,85,73,0.00,10,15
574,2014-09-07,80,66,0.21,10,15
575,2014-09-08,76,66,0.00,10,16
576,2014-09-09,72,64,0.00,10,20
577,2014-09-10,75,63,0.00,10,16
578,2014-09-11,83,69,0.00,10,17
579,2014-09-12,75,63,0.00,10,14
580,2014-09-14,70,55,0.19,10,14
581,2014-09-15,71,55,0.00,10,12
582,2014-09-16,68,58,0.01,10,13
583,2014-09-17,72,60,0.41,10,10
584,2014-09-18,75,61,0.00,10,10
585,2014-09-19,65,55,0.00,10,18
586,2014-09-20,73,58,0.00,10,18
587,2014-09-21,77,66,0.21,10,10
588,2014-09-22,72,57,0.00,10,18
589,2014-09-23,72,54,0.00,10,15
590,2014-09-24,70,60,0.00,10,17
591,2014-09-25,64,58,0.02,10,24
592,2014-09-26,76,60,0.15,10,13
593,2014-09-27,82,72,0.00,10,8
594,2014-09-28,84,65,0.00,10,13
595,2014-09-29,84,65,0.00,10,13
596,2014-09-30,71,63,0.00,10,15
597,2014-10-01,66,61,0.04,10,14
598,2014-10-02,67,60,0.00,10,13
599,2014-10-03,68,57,0.00,10,14
600,2014-10-04,70,55,0.07,10,24
601,2014-10-05,61,47,0.98,10,20
602,2014-10-06,70,51,0.00,10,22
603,2014-10-07,72,64,0.00,10,21
604,2014-10-08,72,64,0.06,10,24
605,2014-10-09,69,58,0.00,10,24
606,2014-10-10,63,55,0.00,10,10
607,2014-10-11,60,52,0.13,10,16
608,2014-10-12,62,49,0.20,10,10
609,2014-10-13,65,54,0.00,10,14
610,2014-10-14,74,64,0.03,10,20
611,2014-10-15,76,69,0.00,10,23
612,2014-10-16,72,64,0.72,10,18
613,2014-10-17,71,0,0.08,10,15
614,2014-10-18,69,57,0.00,10,21
615,2014-10-19,57,45,0.00,10,25
616,2014-10-20,60,44,0.00,10,12
617,2014-10-21,66,55,0.00,10,14
618,2014-10-22,59,51,0.35,10,23
619,2014-10-23,54,51,1.00,10,25
620,2014-10-24,62,51,0.23,10,18
621,2014-10-25,68,52,0.00,10,17
622,2014-10-26,62,55,0.00,10,23
623,2014-10-27,64,51,0.00,10,16
624,2014-10-29,71,54,0.00,10,20
625,2014-10-30,58,49,0.00,10,17
626,2014-10-31,55,45,0.00,10,24
627,2014-11-01,48,43,0.05,10,24
628,2014-11-02,48,42,0.17,10,33
629,2014-11-03,62,41,0.00,10,20
630,2014-11-04,68,56,0.00,10,15
631,2014-11-05,64,57,0.00,10,17
632,2014-11-06,57,48,0.13,10,12
633,2014-11-07,52,41,0.21,10,28
634,2014-11-08,47,38,0.00,10,18
635,2014-11-09,57,47,0.00,10,10
636,2014-11-10,60,43,0.00,10,12
637,2014-11-11,63,48,0.00,10,13
638,2014-11-12,65,46,0.00,10,17
639,2014-11-13,48,37,0.00,10,13
640,2014-11-14,42,37,0.20,10,22
641,2014-11-15,42,34,0.00,10,15
642,2014-11-16,44,36,0.00,10,12
643,2014-11-17,52,39,0.51,10,24
644,2014-11-18,45,24,1.00,10,26
645,2014-11-19,35,22,0.00,10,21
646,2014-11-21,36,28,0.00,10,25
647,2014-11-22,44,29,0.00,10,18
648,2014-11-23,55,44,0.00,10,12
649,2014-11-24,66,48,0.61,10,31
650,2014-11-25,67,51,0.00,10,15
651,2014-11-26,51,34,0.00,10,24
652,2014-11-27,38,35,1.07,10,20
653,2014-11-28,37,29,0.01,10,22
654,2014-11-29,44,29,0.00,10,13
655,2014-11-30,54,44,0.00,10,14
656,2014-12-01,63,41,0.00,10,20
657,2014-12-02,43,35,0.05,10,20
658,2014-12-03,47,41,0.12,10,21
659,2014-12-05,47,34,0.00,10,17
660,2014-12-06,49,40,0.70,10,20
661,2014-12-07,41,30,1.14,10,24
662,2014-12-08,36,25,0.00,10,22
663,2014-12-09,45,36,0.45,10,30
664,2014-12-10,40,33,2.26,10,22
665,2014-12-12,37,32,0.00,10,21
666,2014-12-13,43,35,0.00,10,22
667,2014-12-14,45,38,0.00,10,16
668,2014-12-15,47,37,0.00,10,8
669,2014-12-16,49,36,0.00,10,13
670,2014-12-17,52,42,0.19,10,18
671,2014-12-18,42,38,0.00,10,23
672,2014-12-19,38,32,0.00,10,22
673,2014-12-20,33,30,0.00,10,14
674,2014-12-21,36,32,0.00,10,10
675,2014-12-22,45,35,0.00,10,17
676,2014-12-23,46,43,0.17,10,17
677,2014-12-24,55,43,0.08,3,18
678,2014-12-25,61,45,0.71,10,24
679,2014-12-26,49,41,0.00,10,14
680,2014-12-27,55,43,0.00,10,10
681,2014-12-28,52,42,0.00,10,15
682,2014-12-29,43,35,0.10,10,17
683,2014-12-30,34,28,0.00,10,16
684,2014-12-31,31,27,0.00,10,17
685,2015-01-01,38,28,0.00,10,18
686,2015-01-02,42,35,0.00,10,20
687,2015-01-03,41,32,0.00,10,14
688,2015-01-04,56,41,0.85,10,24
689,2015-01-05,49,22,0.13,10,28
690,2015-01-06,22,18,0.00,10,15
691,2015-01-07,25,10,0.05,10,30
692,2015-01-08,20,8,0.00,10,22
693,2015-01-09,32,20,0.00,10,22
694,2015-01-10,23,17,0.06,10,21
695,2015-01-12,39,34,0.00,10,13
696,2015-01-13,36,17,0.39,10,22
697,2015-01-14,31,17,0.00,10,16
698,2015-01-15,34,26,0.00,10,16
699,2015-01-16,42,20,0.00,10,32
700,2015-01-17,30,17,0.00,10,18
701,2015-01-18,42,30,0.00,10,16
702,2015-01-19,41,37,1.98,10,24
703,2015-01-20,39,32,0.00,10,16
704,2015-01-21,34,25,0.00,10,10
705,2015-01-22,39,30,0.00,10,20
706,2015-01-23,38,28,0.00,10,21
707,2015-01-24,39,32,0.66,10,22
708,2015-01-25,41,30,0.07,10,18
709,2015-01-26,28,21,0.00,10,29
710,2015-01-27,27,19,0.45,10,25
711,2015-01-28,33,18,0.01,10,18
712,2015-01-29,35,21,0.00,10,12
713,2015-01-30,37,20,0.07,10,32
714,2015-01-31,26,14,0.01,10,33
715,2015-02-01,35,21,0.00,10,12
716,2015-02-02,34,16,0.84,10,29
717,2015-02-03,28,15,0.26,10,23
718,2015-02-04,41,24,0.00,10,13
719,2015-02-05,39,14,0.00,10,28
720,2015-02-06,27,13,0.00,10,21
721,2015-02-07,36,26,0.00,10,15
722,2015-02-08,36,31,0.01,10,21
723,2015-02-09,31,26,0.03,10,22
724,2015-02-10,38,26,0.04,10,17
725,2015-02-11,33,22,0.00,10,17
726,2015-02-12,39,17,0.00,10,30
727,2015-02-13,21,9,0.00,10,29
728,2015-02-14,32,17,0.00,10,15
729,2015-02-15,25,5,0.01,10,33
730,2015-02-16,21,4,0.00,10,23
731,2015-02-17,28,14,0.11,10,15
732,2015-02-18,30,19,0.02,10,14
733,2015-02-19,25,10,0.00,10,29
734,2015-02-21,32,15,0.01,10,16
735,2015-02-22,41,32,0.71,10,15
736,2015-02-23,38,9,0.00,10,25
737,2015-02-24,24,6,0.00,10,17
738,2015-02-25,37,21,0.00,10,17
739,2015-02-26,29,22,0.00,10,16
740,2015-02-27,30,19,0.00,10,16
741,2015-02-28,29,15,0.00,10,18
742,2015-03-01,30,24,0.00,10,15
743,2015-03-02,38,28,0.48,10,25
744,2015-03-03,36,24,0.00,10,17
745,2015-03-04,47,36,0.73,10,12
746,2015-03-05,40,21,0.46,10,24
747,2015-03-06,27,15,0.38,10,16
748,2015-03-07,38,21,0.00,10,15
749,2015-03-08,48,35,0.00,10,21
750,2015-03-09,53,37,0.02,10,15
751,2015-03-11,58,37,0.44,10,18
752,2015-03-12,47,38,0.00,10,25
753,2015-03-13,43,31,0.00,10,15
754,2015-03-14,52,38,0.21,10,14
755,2015-03-15,47,37,0.81,10,30
756,2015-03-16,51,36,0.00,10,17
757,2015-03-17,54,35,0.00,10,33
758,2015-03-18,37,29,0.01,10,30
759,2015-03-19,42,29,0.00,10,17
760,2015-03-20,37,30,0.00,10,18
761,2015-03-21,48,29,0.29,10,18
762,2015-03-22,44,29,0.00,10,24
763,2015-03-23,37,24,0.00,10,22
764,2015-03-24,44,26,0.00,10,12
765,2015-03-26,57,37,0.05,10,15
766,2015-03-27,46,39,0.52,10,20
767,2015-03-28,41,29,0.00,10,20
768,2015-03-29,46,27,0.00,10,17
769,2015-03-30,53,34,0.00,10,22
770,2015-03-31,46,36,0.00,10,16
771,2015-04-01,51,34,0.14,10,16
772,2015-04-02,62,39,0.00,10,22
773,2015-04-03,63,54,0.00,10,20
774,2015-04-04,59,44,0.04,10,31
775,2015-04-05,61,43,0.00,10,23
776,2015-04-06,60,40,0.00,10,14
777,2015-04-07,56,42,0.01,10,20
778,2015-04-08,45,37,0.16,10,21
779,2015-04-09,44,37,0.00,10,20
780,2015-04-10,57,39,0.25,10,16
781,2015-04-11,56,46,0.00,10,28
782,2015-04-12,65,44,0.00,10,17
783,2015-04-13,64,48,0.00,10,24
784,2015-04-14,65,54,0.00,10,20
785,2015-04-15,70,52,0.00,10,21
786,2015-04-16,62,48,0.00,10,14
787,2015-04-17,71,55,0.08,10,15
788,2015-04-18,77,56,0.00,10,18
789,2015-04-19,62,48,0.00,10,15
790,2015-04-20,58,45,0.00,10,31
791,2015-04-21,66,52,0.00,10,21
792,2015-04-22,66,51,0.07,10,22
793,2015-04-23,49,42,0.10,10,24
794,2015-04-24,50,39,0.00,10,25
795,2015-04-25,59,39,0.00,10,16
796,2015-04-26,60,45,0.00,10,18
797,2015-04-27,60,49,0.00,10,18
798,2015-04-28,68,51,0.00,10,20
799,2015-04-29,75,48,0.00,10,24
800,2015-04-30,63,47,0.00,10,20
801,2015-05-01,59,48,0.00,10,13
802,2015-05-02,68,48,0.00,10,16
803,2015-05-03,75,51,0.00,10,17
804,2015-05-04,82,54,0.00,10,21
805,2015-05-05,80,66,0.00,10,15
806,2015-05-06,69,59,0.00,10,12
807,2015-05-07,75,52,0.00,10,14
808,2015-05-08,78,55,0.00,10,14
809,2015-05-09,64,53,0.00,6,14
810,2015-05-10,81,57,0.01,10,17
811,2015-05-11,81,68,0.00,10,21
812,2015-05-12,86,64,0.00,10,22
813,2015-05-13,67,54,0.00,10,23
814,2015-05-14,71,52,0.00,10,16
815,2015-05-15,74,56,0.00,10,22
816,2015-05-16,74,59,0.01,10,9
817,2015-05-17,82,61,0.28,10,12
818,2015-05-18,70,55,0.00,10,22
819,2015-05-19,80,55,0.01,10,16
820,2015-05-20,67,55,0.00,10,23
821,2015-05-21,61,54,0.00,10,14
822,2015-05-22,74,55,0.00,10,21
823,2015-05-23,68,50,0.00,10,22
824,2015-05-24,79,56,0.00,10,18
825,2015-05-25,83,65,0.00,10,18
826,2015-05-26,85,67,0.00,10,17
827,2015-05-27,81,67,0.00,10,22
828,2015-05-28,82,67,0.02,10,15
829,2015-05-30,82,66,0.00,10,22
830,2015-05-31,84,57,0.00,10,21
831,2015-06-01,57,51,1.69,10,21
832,2015-06-02,55,50,0.47,10,18
833,2015-06-03,67,53,0.24,10,13
834,2015-06-05,68,55,0.00,10,12
835,2015-06-06,74,59,0.55,10,23
836,2015-06-07,71,57,0.00,10,20
837,2015-06-08,77,62,0.00,10,21
838,2015-06-09,85,66,0.05,10,22
839,2015-06-10,81,67,0.00,10,16
840,2015-06-12,87,72,0.00,10,13
841,2015-06-13,83,73,0.00,10,20
842,2015-06-14,86,68,0.00,10,17
843,2015-06-15,79,63,0.79,10,22
844,2015-06-16,79,64,0.02,10,12
845,2015-06-18,70,64,0.00,10,15
846,2015-06-19,85,66,0.00,10,14
847,2015-06-20,73,64,0.00,10,15
848,2015-06-22,88,73,0.29,10,18
849,2015-06-23,91,75,0.00,10,22
850,2015-06-24,83,69,0.07,10,15
851,2015-06-25,83,70,0.00,10,14
852,2015-06-26,80,71,0.00,10,20
853,2015-06-27,72,60,0.00,10,22
854,2015-06-28,74,62,1.32,10,26
855,2015-06-29,77,64,0.00,10,16
856,2015-06-30,81,68,0.00,10,22
857,2015-07-02,81,71,0.00,10,13
858,2015-07-04,75,69,0.00,10,13
859,2015-07-05,84,70,0.00,10,14
860,2015-07-06,82,72,0.00,10,14
861,2015-07-07,87,75,0.00,10,20
862,2015-07-08,88,76,0.00,10,15
863,2015-07-09,79,68,0.09,10,13
864,2015-07-10,83,72,0.29,10,18
865,2015-07-11,85,72,0.00,10,10
866,2015-07-12,89,74,0.00,10,13
867,2015-07-13,84,75,0.00,10,17
868,2015-07-14,81,71,0.00,10,16
869,2015-07-15,81,73,0.95,10,18
870,2015-07-16,79,64,0.01,10,14
871,2015-07-17,79,69,0.00,10,20
872,2015-07-18,85,73,0.00,10,15
873,2015-07-19,93,79,0.18,10,17
874,2015-07-20,94,83,0.00,10,14
875,2015-07-22,84,71,0.00,10,18
876,2015-07-23,85,71,0.00,10,17
877,2015-07-24,85,72,0.00,10,10
878,2015-07-25,85,71,0.00,10,16
879,2015-07-26,89,75,0.00,10,21
880,2015-07-27,86,76,0.05,10,18
881,2015-07-28,93,76,0.00,10,12
882,2015-07-29,94,79,0.00,10,15
883,2015-07-30,86,75,0.00,10,18
884,2015-07-31,90,75,1.62,10,13
885,2015-08-01,90,77,0.00,10,16
886,2015-08-02,87,74,0.00,10,17
887,2015-08-03,91,76,0.00,10,18
888,2015-08-04,91,70,0.30,10,20
889,2015-08-05,88,72,0.00,10,16
890,2015-08-06,81,70,0.00,10,12
891,2015-08-07,82,69,0.00,10,14
892,2015-08-08,81,70,0.00,10,12
893,2015-08-09,84,71,0.00,10,14
894,2015-08-10,80,70,0.00,10,16
895,2015-08-11,82,71,0.67,10,22
896,2015-08-12,84,72,0.51,10,16
897,2015-08-13,83,69,0.00,10,13
898,2015-08-14,87,71,0.00,10,16
899,2015-08-15,91,75,0.00,10,20
900,2015-08-16,91,77,0.00,10,12
901,2015-08-17,91,80,0.00,10,15
902,2015-08-18,89,77,0.00,10,21
903,2015-08-19,86,76,0.00,10,18
904,2015-08-20,86,78,0.00,10,18
905,2015-08-21,85,72,0.32,10,21
906,2015-08-22,83,70,0.00,10,14
907,2015-08-23,81,71,0.00,10,12
908,2015-08-24,85,74,0.00,10,14
909,2015-08-25,87,76,0.00,10,16
910,2015-08-26,82,69,0.00,10,17
911,2015-08-27,79,68,0.00,10,15
912,2015-08-28,80,66,0.00,10,10
913,2015-08-29,85,70,0.00,10,17
914,2015-08-30,90,73,0.00,10,14
915,2015-08-31,91,77,0.08,10,15
916,2015-09-01,87,77,0.00,10,13
917,2015-09-02,87,75,0.00,10,15
918,2015-09-03,92,77,0.00,10,9
919,2015-09-04,83,72,0.00,10,20
920,2015-09-05,80,67,0.00,10,15
921,2015-09-06,84,67,0.00,10,14
922,2015-09-07,90,71,0.00,10,17
923,2015-09-08,94,76,0.00,10,17
924,2015-09-09,88,75,0.00,10,17
925,2015-09-10,81,71,0.66,10,18
926,2015-09-11,81,66,0.52,10,17
927,2015-09-13,78,64,0.22,10,20
928,2015-09-14,75,59,0.00,10,21
929,2015-09-15,83,65,0.00,10,10
930,2015-09-16,87,68,0.00,10,12
931,2015-09-17,87,71,0.00,10,15
932,2015-09-18,84,70,0.00,10,13
933,2015-09-19,80,69,0.00,10,16
934,2015-09-20,76,65,0.00,10,18
935,2015-09-21,71,59,0.00,10,18
936,2015-09-22,72,61,0.00,10,17
937,2015-09-23,78,60,0.00,10,9
938,2015-09-24,79,63,0.00,10,17
939,2015-09-25,71,64,0.00,10,18
940,2015-09-26,69,61,0.00,10,17
941,2015-09-27,69,56,0.00,10,14
942,2015-09-28,79,64,0.00,10,12
943,2015-09-29,81,71,0.00,10,13
944,2015-09-30,78,61,1.05,10,22
945,2015-10-01,63,55,0.06,10,21
946,2015-10-02,57,50,0.13,10,29
947,2015-10-04,63,54,0.02,10,28
948,2015-10-05,65,52,0.00,10,18
949,2015-10-06,73,55,0.00,10,10
950,2015-10-07,73,59,0.00,10,12
951,2015-10-08,67,60,0.00,10,12
952,2015-10-09,78,62,0.00,10,28
953,2015-10-10,65,52,0.50,10,18
954,2015-10-11,69,53,0.00,10,10
955,2015-10-12,76,57,0.00,10,17
956,2015-10-13,72,62,0.00,10,13
957,2015-10-14,68,59,0.00,10,14
958,2015-10-15,64,53,0.00,10,14
959,2015-10-16,63,55,0.00,10,24
960,2015-10-17,55,44,0.00,10,17
961,2015-10-18,50,39,0.00,10,20
962,2015-10-19,52,38,0.00,10,15
963,2015-10-20,71,49,0.00,10,16
964,2015-10-21,75,57,0.00,10,13
965,2015-10-22,74,57,0.00,10,14
966,2015-10-23,66,47,0.00,10,17
967,2015-10-24,56,41,0.00,10,12
968,2015-10-25,68,52,0.01,10,22
969,2015-10-26,59,48,0.02,10,14
970,2015-10-27,59,46,0.00,10,12
971,2015-10-28,70,51,0.00,10,29
972,2015-10-29,72,60,1.26,10,28
973,2015-10-30,60,49,0.00,10,21
974,2015-10-31,54,44,0.00,10,13
975,2015-11-01,65,54,0.00,10,15
976,2015-11-02,63,57,0.00,10,12
977,2015-11-03,73,52,0.00,10,10
978,2015-11-04,69,55,0.00,10,12
979,2015-11-05,71,57,0.00,9,8
980,2015-11-06,73,66,0.00,10,22
981,2015-11-07,71,54,0.00,10,18
982,2015-11-08,58,48,0.00,10,18
983,2015-11-09,60,47,0.00,10,12
984,2015-11-10,59,52,0.00,10,24
985,2015-11-11,57,50,0.50,10,17
986,2015-11-13,58,48,0.01,10,26
987,2015-11-14,49,43,0.00,10,28
988,2015-11-15,59,42,0.00,10,16
989,2015-11-16,68,51,0.00,10,10
990,2015-11-17,52,41,0.00,10,20
991,2015-11-18,59,45,0.00,10,15
992,2015-11-19,63,57,0.00,10,25
993,2015-11-20,64,47,1.16,10,17
994,2015-11-21,54,43,0.00,10,15
995,2015-11-22,56,44,0.00,10,18
996,2015-11-23,43,36,0.00,10,23
997,2015-11-24,46,34,0.00,10,13
998,2015-11-25,48,40,0.00,10,9
999,2015-11-26,59,41,0.00,10,9
1000,2015-11-27,64,49,0.00,10,13
1001,2015-11-28,61,44,0.00,10,12
1002,2015-11-29,47,38,0.03,10,15
1003,2015-11-30,46,34,0.00,10,20
1004,2015-12-02,57,46,0.24,10,15
1005,2015-12-03,55,45,0.10,10,24
1006,2015-12-04,51,44,0.00,10,15
1007,2015-12-06,53,41,0.00,10,9
1008,2015-12-07,54,44,0.00,10,9
1009,2015-12-08,48,42,0.00,10,13
1010,2015-12-09,55,40,0.00,10,14
1011,2015-12-10,60,52,0.00,10,12
1012,2015-12-11,61,50,0.00,10,10
1013,2015-12-12,65,55,0.00,10,9
1014,2015-12-13,62,53,0.00,10,13
1015,2015-12-14,64,51,0.00,10,13
1016,2015-12-15,64,52,0.39,10,28
1017,2015-12-16,52,46,0.00,10,16
1018,2015-12-17,59,50,0.05,10,13
1019,2015-12-18,57,39,0.88,10,21
1020,2015-12-19,40,36,0.01,10,24
1021,2015-12-20,44,36,0.00,10,20
1022,2015-12-21,57,40,0.00,10,15
1023,2015-12-22,63,55,0.00,10,14
1024,2015-12-23,63,50,0.18,8,16
1025,2015-12-24,72,59,1.46,10,18
1026,2015-12-25,63,54,0.00,10,7
1027,2015-12-26,58,46,0.03,10,16
1028,2015-12-27,63,46,0.14,10,17
1029,2015-12-28,46,35,0.02,10,23
1030,2015-12-29,47,34,0.37,10,23
1031,2015-12-30,48,39,0.13,10,9
1032,2015-12-31,50,43,0.20,10,17
1033,2016-01-01,43,36,0.00,10,18
1034,2016-01-02,41,35,0.00,10,20
1035,2016-01-04,38,16,0.00,10,28
1036,2016-01-05,30,14,0.00,10,23
1037,2016-01-06,42,27,0.00,10,12
1038,2016-01-07,47,33,0.00,10,10
1039,2016-01-08,46,35,0.00,10,16
1040,2016-01-10,59,42,0.63,10,26
1041,2016-01-11,40,28,0.79,10,22
1042,2016-01-12,44,27,0.00,10,26
1043,2016-01-13,31,24,0.00,10,28
1044,2016-01-14,39,24,0.00,10,17
1045,2016-01-15,50,35,0.00,10,18
1046,2016-01-16,51,42,0.24,10,18
1047,2016-01-17,43,30,0.02,10,15
1048,2016-01-18,33,20,0.05,10,26
1049,2016-01-19,30,19,0.00,10,29
1050,2016-01-20,37,30,0.00,10,26
1051,2016-01-21,37,28,0.00,10,21
1052,2016-01-22,30,23,0.00,10,16
1053,2016-01-23,28,25,0.16,7,33
1054,2016-01-24,36,24,0.80,10,29
1055,2016-01-26,48,36,0.00,10,12
1056,2016-01-27,47,36,0.01,10,21
1057,2016-01-28,43,32,0.00,10,13
1058,2016-01-29,41,32,0.00,10,24
1059,2016-01-30,40,30,0.00,10,14
1060,2016-01-31,55,37,0.00,10,9
1061,2016-02-01,59,45,0.00,10,15
1062,2016-02-02,51,38,0.00,10,9
1063,2016-02-03,57,42,0.00,10,22
1064,2016-02-04,58,44,0.69,10,24
1065,2016-02-05,43,32,0.31,10,23
1066,2016-02-06,40,32,0.05,10,14
1067,2016-02-07,46,35,0.00,10,21
1068,2016-02-08,39,28,0.00,10,25
1069,2016-02-10,39,32,0.01,10,20
1070,2016-02-11,32,20,0.00,10,29
1071,2016-02-12,27,17,0.00,10,22
1072,2016-02-13,23,8,0.00,10,32
1073,2016-02-14,17,1,0.00,10,24
1074,2016-02-16,57,35,0.49,10,32
1075,2016-02-18,37,28,0.00,10,22
1076,2016-02-19,40,25,0.00,10,15
1077,2016-02-20,61,40,0.00,10,17
1078,2016-02-21,56,43,0.00,10,17
1079,2016-02-22,53,38,0.05,10,14
1080,2016-02-24,61,37,0.30,8,39
1081,2016-02-25,61,39,1.48,10,28
1082,2016-02-26,39,29,0.00,10,29
1083,2016-02-27,42,28,0.00,10,20
1084,2016-02-28,61,39,0.00,10,18
1085,2016-02-29,61,42,0.00,10,22
1086,2016-03-01,53,40,0.07,10,17
1087,2016-03-02,56,30,0.17,10,29
1088,2016-03-03,36,27,0.00,10,20
1089,2016-03-04,42,30,0.04,10,18
1090,2016-03-06,45,33,0.00,10,8
1091,2016-03-07,60,37,0.00,10,21
1092,2016-03-08,61,44,0.00,10,13
1093,2016-03-09,74,41,0.00,10,13
1094,2016-03-10,78,64,0.00,10,15
1095,2016-03-11,63,49,0.04,10,24
1096,2016-03-12,57,42,0.00,10,15
1097,2016-03-13,62,50,0.00,10,10
1098,2016-03-14,52,42,0.02,10,25
1099,2016-03-15,55,44,0.17,10,25
1100,2016-03-16,65,46,0.00,10,14
1101,2016-03-17,63,45,0.02,10,24
1102,2016-03-18,57,45,0.04,10,24
1103,2016-03-19,47,37,0.00,10,17
1104,2016-03-20,41,34,0.00,10,23
1105,2016-03-21,49,34,0.14,10,28
1106,2016-03-22,55,37,0.00,10,21
1107,2016-03-23,71,50,0.00,10,17
1108,2016-03-24,53,44,0.00,10,21
1109,2016-03-25,73,45,0.00,10,17
1110,2016-03-26,51,39,0.07,10,15
1111,2016-03-27,53,43,0.00,10,10
1112,2016-03-28,62,43,0.19,10,33
1113,2016-03-29,52,43,0.32,10,29
1114,2016-03-31,70,49,0.00,10,22
1115,2016-04-01,79,57,0.00,10,18
1116,2016-04-02,60,48,0.01,10,16
1117,2016-04-03,50,36,0.24,10,37
1118,2016-04-04,45,32,0.00,10,21
1119,2016-04-05,42,27,0.50,10,20
1120,2016-04-06,46,32,0.00,10,25
1121,2016-04-07,59,47,0.00,10,26
1122,2016-04-08,51,43,0.15,10,25
1123,2016-04-10,49,33,0.07,10,21
1124,2016-04-11,60,44,0.00,10,22
1125,2016-04-12,58,46,0.04,10,22
1126,2016-04-13,56,42,0.19,10,13
1127,2016-04-14,60,43,0.00,10,14
1128,2016-04-15,62,44,0.00,10,14
1129,2016-04-16,64,45,0.00,10,14
1130,2016-04-17,72,48,0.00,10,13
1131,2016-04-18,79,50,0.00,10,13
1132,2016-04-19,69,58,0.00,10,20
1133,2016-04-20,66,51,0.00,10,16
1134,2016-04-21,70,50,0.00,10,16
1135,2016-04-22,77,61,0.00,10,14
1136,2016-04-23,69,57,0.14,10,16
1137,2016-04-24,66,48,0.00,10,17
1138,2016-04-25,66,51,0.00,10,12
1139,2016-04-26,57,47,0.19,10,22
1140,2016-04-27,58,46,0.11,10,16
1141,2016-04-28,57,48,0.00,10,14
1142,2016-04-29,57,48,0.00,10,21
1143,2016-04-30,62,48,0.02,10,14
1144,2016-05-01,51,46,0.00,10,15
1145,2016-05-02,61,45,0.15,10,8
1146,2016-05-03,55,52,0.73,10,18
1147,2016-05-04,54,50,0.07,10,17
1148,2016-05-05,57,47,0.02,10,17
1149,2016-05-06,55,49,0.38,10,25
1150,2016-05-07,57,48,0.18,10,14
1151,2016-05-08,65,49,0.07,10,28
1152,2016-05-09,73,54,0.08,10,26
1153,2016-05-10,64,51,0.00,10,14
1154,2016-05-11,74,54,0.00,10,14
1155,2016-05-12,77,56,0.00,10,13
1156,2016-05-14,72,60,0.25,10,29
1157,2016-05-15,59,47,0.00,10,24
1158,2016-05-16,67,44,0.00,10,30
1159,2016-05-17,68,57,0.00,10,16
1160,2016-05-18,68,55,0.00,10,14
1161,2016-05-19,71,56,0.00,10,14
1162,2016-05-20,76,57,0.00,10,17
1163,2016-05-21,66,56,0.00,10,13
1164,2016-05-22,70,54,0.18,10,12
1165,2016-05-24,72,60,0.26,10,10
1166,2016-05-25,90,62,0.02,10,13
1167,2016-05-26,91,71,0.00,10,17
1168,2016-05-27,86,68,0.00,10,16
1169,2016-05-28,91,73,0.00,10,17
1170,2016-05-29,86,71,0.00,10,20
1171,2016-05-30,81,69,1.53,10,14
1172,2016-05-31,83,73,0.00,10,15
1173,2016-06-01,83,67,0.00,10,14
1174,2016-06-02,74,62,0.00,10,15
1175,2016-06-03,72,63,0.00,10,10
1176,2016-06-04,82,66,0.02,10,14
1177,2016-06-05,73,66,0.27,10,15
1178,2016-06-06,87,68,0.67,10,16
1179,2016-06-07,87,67,0.00,10,21
1180,2016-06-08,70,56,0.01,10,24
1181,2016-06-09,73,56,0.44,10,25
1182,2016-06-10,78,59,0.00,10,18
1183,2016-06-11,90,64,0.00,10,20
1184,2016-06-12,86,64,0.10,10,33
1185,2016-06-13,74,59,0.00,10,25
1186,2016-06-14,80,60,0.00,10,16
1187,2016-06-15,86,67,0.00,10,16
1188,2016-06-16,77,68,0.12,10,8
1189,2016-06-17,77,66,0.00,10,17
1190,2016-06-18,86,63,0.00,10,16
1191,2016-06-19,83,69,0.00,10,17
1192,2016-06-20,82,66,0.00,10,15
1193,2016-06-21,88,74,0.00,10,23
1194,2016-06-22,84,68,0.00,10,28
1195,2016-06-23,78,68,0.00,10,12
1196,2016-06-24,84,69,0.00,10,17
1197,2016-06-25,82,66,0.00,10,13
1198,2016-06-26,85,70,0.00,10,20
1199,2016-06-27,82,69,0.00,10,23
1200,2016-06-28,76,70,0.54,10,14
1201,2016-06-29,86,70,0.07,10,13
1202,2016-06-30,87,70,0.00,10,16
1203,2016-07-01,81,70,0.00,10,18
1204,2016-07-02,78,68,0.28,10,20
1205,2016-07-03,81,69,0.00,10,16
1206,2016-07-04,85,70,0.00,10,22
1207,2016-07-05,89,69,1.08,10,12
1208,2016-07-06,93,77,0.00,10,15
1209,2016-07-07,93,77,0.00,10,16
1210,2016-07-08,85,70,0.02,10,15
1211,2016-07-09,73,66,0.01,10,13
1212,2016-07-10,81,67,0.41,10,22
1213,2016-07-11,82,69,0.00,10,13
1214,2016-07-12,83,71,0.00,10,20
1215,2016-07-13,85,73,0.00,10,20
1216,2016-07-14,90,76,0.00,10,31
1217,2016-07-15,92,83,0.50,10,16
1218,2016-07-16,91,78,0.00,10,15
1219,2016-07-17,92,78,0.00,10,16
1220,2016-07-18,95,78,0.00,10,29
1221,2016-07-19,85,77,0.12,10,18
1222,2016-07-20,84,71,0.00,10,14
1223,2016-07-21,91,75,0.00,10,18
1224,2016-07-22,97,77,0.00,10,18
1225,2016-07-23,97,84,0.00,10,23
1226,2016-07-24,93,76,0.00,10,18
1227,2016-07-25,92,77,0.02,10,20
1228,2016-07-26,90,75,0.77,10,16
1229,2016-07-27,94,77,0.00,10,13
1230,2016-07-28,93,79,0.00,10,21
1231,2016-07-29,85,71,0.89,10,16
1232,2016-07-30,83,75,0.13,10,13
1233,2016-07-31,81,73,0.18,10,17
1234,2016-08-01,79,71,0.57,10,17
1235,2016-08-02,78,71,0.00,10,20
1236,2016-08-03,81,68,0.00,10,13
1237,2016-08-04,83,70,0.00,10,14
1238,2016-08-05,85,72,0.00,10,17
1239,2016-08-06,90,75,0.00,10,22
1240,2016-08-07,88,74,0.00,10,16
1241,2016-08-08,85,75,0.00,10,13
1242,2016-08-09,89,75,0.00,10,18
1243,2016-08-10,88,77,0.01,10,17
1244,2016-08-11,95,82,0.05,10,18
1245,2016-08-12,97,76,0.56,10,25
1246,2016-08-13,96,84,0.07,10,17
1247,2016-08-14,97,82,0.00,10,20
1248,2016-08-15,93,79,0.01,10,12
1249,2016-08-16,89,78,0.00,10,21
1250,2016-08-17,86,79,0.13,10,20
1251,2016-08-18,88,76,0.02,10,12
1252,2016-08-19,87,77,0.00,10,12
1253,2016-08-20,83,75,0.02,10,15
1254,2016-08-21,89,76,0.12,10,20
1255,2016-08-22,79,71,0.13,10,26
1256,2016-08-23,83,68,0.00,10,13
1257,2016-08-25,85,73,0.00,10,20
1258,2016-08-26,91,77,0.01,10,18
1259,2016-08-27,88,76,0.00,10,13
1260,2016-08-28,88,74,0.00,10,14
1261,2016-08-29,91,77,0.00,10,15
1262,2016-08-30,86,72,0.00,10,15
1263,2016-08-31,88,76,0.00,10,14
1264,2016-09-01,79,73,0.03,10,14
1265,2016-09-02,82,68,0.31,10,16
1266,2016-09-03,76,69,0.00,10,18
1267,2016-09-04,80,66,0.00,10,21
1268,2016-09-05,84,67,0.00,10,21
1269,2016-09-06,81,72,0.00,10,23
1270,2016-09-08,88,73,0.00,10,14
1271,2016-09-09,92,78,0.00,10,14
1272,2016-09-10,90,77,0.05,10,16
1273,2016-09-11,83,71,0.00,10,21
1274,2016-09-12,77,64,0.00,10,12
1275,2016-09-13,81,68,0.00,10,17
1276,2016-09-14,92,72,0.00,10,24
1277,2016-09-15,74,63,0.37,10,18
1278,2016-09-16,74,65,0.00,10,13
1279,2016-09-17,77,64,0.00,10,16
1280,2016-09-18,85,72,0.00,10,14
1281,2016-09-19,77,73,0.31,10,14
1282,2016-09-20,83,71,0.47,10,9
1283,2016-09-21,84,73,0.00,10,10
1284,2016-09-22,84,70,0.00,10,12
1285,2016-09-23,88,69,0.00,10,14
1286,2016-09-24,72,59,0.44,10,18
1287,2016-09-25,70,58,0.00,10,14
1288,2016-09-27,76,67,0.15,10,14
1289,2016-09-28,70,60,0.00,10,23
1290,2016-09-29,67,60,0.00,10,26
1291,2016-09-30,63,58,0.00,10,31
1292,2016-10-01,64,57,0.39,10,20
1293,2016-10-02,65,57,0.00,10,15
1294,2016-10-03,72,62,0.00,10,10
1295,2016-10-04,70,62,0.00,10,17
1296,2016-10-05,68,55,0.00,10,17
1297,2016-10-06,75,59,0.00,10,10
1298,2016-10-07,74,60,0.00,10,12
1299,2016-10-08,69,61,0.00,10,9
1300,2016-10-09,68,54,0.30,10,22
1301,2016-10-10,64,50,0.32,10,20
1302,2016-10-11,63,50,0.00,10,10
1303,2016-10-12,67,56,0.00,10,12
1304,2016-10-13,69,58,0.00,10,21
1305,2016-10-14,64,50,0.00,10,15
1306,2016-10-15,65,50,0.00,10,12
1307,2016-10-16,72,55,0.00,10,15
1308,2016-10-17,83,66,0.00,10,12
1309,2016-10-18,82,68,0.00,10,15
1310,2016-10-19,85,69,0.00,10,14
1311,2016-10-20,72,63,0.00,10,16
1312,2016-10-21,71,63,0.00,10,18
1313,2016-10-22,62,49,2.05,10,28
1314,2016-10-23,63,48,0.07,10,30
1315,2016-10-24,63,51,0.00,10,23
1316,2016-10-25,54,47,0.00,10,24
1317,2016-10-26,52,42,0.00,10,15
1318,2016-10-27,57,43,0.00,10,15
1319,2016-10-28,56,45,1.32,10,29
1320,2016-10-29,66,44,0.00,10,14
1321,2016-10-30,78,58,0.00,10,26
1322,2016-10-31,58,47,0.76,10,22
1323,2016-11-01,60,44,0.00,10,13
1324,2016-11-02,72,56,0.00,10,13
1325,2016-11-03,74,60,0.00,10,22
1326,2016-11-04,62,52,0.00,10,21
1327,2016-11-05,64,49,0.00,10,20
1328,2016-11-06,60,47,0.00,10,20
1329,2016-11-07,56,44,0.00,10,16
1330,2016-11-08,69,48,0.00,10,9
1331,2016-11-09,63,51,0.00,10,18
1332,2016-11-10,58,44,0.02,10,18
1333,2016-11-11,62,44,0.00,10,32
1334,2016-11-12,52,40,0.00,10,18
1335,2016-11-13,64,45,0.00,10,16
1336,2016-11-14,63,50,0.00,10,12
1337,2016-11-15,56,49,0.17,10,21
1338,2016-11-16,64,48,1.44,10,15
1339,2016-11-17,63,52,0.00,10,17
1340,2016-11-18,66,48,0.00,10,10
1341,2016-11-19,61,42,0.00,10,22
1342,2016-11-20,44,38,0.52,10,26
1343,2016-11-21,43,39,0.00,10,30
1344,2016-11-22,43,39,0.00,10,32
1345,2016-11-23,46,38,0.00,10,18
1346,2016-11-24,49,41,0.00,10,10
1347,2016-11-25,55,48,0.02,10,7
1348,2016-11-26,51,44,0.01,10,18
1349,2016-11-27,51,43,0.00,10,18
1350,2016-11-29,63,52,0.00,10,24
1351,2016-11-30,60,52,2.23,10,23
1352,2016-12-01,56,45,1.01,10,26
1353,2016-12-02,53,43,0.00,10,22
1354,2016-12-03,49,43,0.00,10,29
1355,2016-12-04,48,41,0.00,10,17
1356,2016-12-05,50,40,0.16,10,18
1357,2016-12-06,47,42,0.02,10,17
1358,2016-12-07,47,41,0.41,10,15
1359,2016-12-08,45,36,0.00,10,21
1360,2016-12-09,41,32,0.00,10,26
1361,2016-12-10,36,31,0.00,10,16
1362,2016-12-11,36,31,0.00,10,13
1363,2016-12-12,48,35,0.48,10,20
1364,2016-12-13,45,39,0.08,10,15
1365,2016-12-14,44,36,0.00,10,20
1366,2016-12-15,36,21,0.00,10,32
1367,2016-12-16,29,19,0.00,10,21
1368,2016-12-18,61,33,0.56,10,35
1369,2016-12-19,33,25,0.01,10,18
1370,2016-12-20,35,23,0.00,10,15
1371,2016-12-21,42,33,0.00,10,15
1372,2016-12-22,49,38,0.00,10,26
1373,2016-12-23,48,41,0.00,10,14
1374,2016-12-24,48,40,0.01,10,20
1375,2016-12-25,51,38,0.51,10,15
1376,2016-12-26,51,34,0.00,10,15
1377,2016-12-27,62,42,0.00,10,21
1378,2016-12-28,41,35,0.00,10,21
1379,2016-12-30,42,35,0.48,10,23
1380,2016-12-31,45,34,0.00,10,24
1381,2017-01-01,49,39,0.00,10,20
1382,2017-01-02,42,38,0.00,10,18
1383,2017-01-03,46,40,0.22,10,22
1384,2017-01-04,54,36,0.41,10,26
1385,2017-01-05,35,29,0.00,10,23
1386,2017-01-06,34,28,0.04,10,14
1387,2017-01-07,27,22,0.00,10,22
1388,2017-01-08,27,19,0.20,10,23
1389,2017-01-09,24,17,0.00,10,15
1390,2017-01-10,47,23,0.00,10,17
1391,2017-01-11,53,44,0.26,10,16
1392,2017-01-12,67,48,0.31,10,20
1393,2017-01-13,62,34,0.00,10,25
1394,2017-01-14,34,29,0.00,10,12
1395,2017-01-15,41,33,0.10,10,14
1396,2017-01-16,44,32,0.00,10,12
1397,2017-01-17,43,39,0.00,10,17
1398,2017-01-18,44,39,0.48,10,17
1399,2017-01-19,50,41,0.00,10,14
1400,2017-01-20,46,41,0.00,10,12
1401,2017-01-21,51,42,0.07,9,10
1402,2017-01-22,49,43,0.00,10,28
1403,2017-01-23,45,38,0.03,10,37
1404,2017-01-24,41,38,1.24,10,28
1405,2017-01-25,53,39,0.61,10,23
1406,2017-01-27,44,39,0.02,10,22
1407,2017-01-28,40,37,0.00,10,23
1408,2017-01-29,44,38,0.00,10,20
1409,2017-01-30,38,32,0.00,10,20
1410,2017-01-31,34,28,0.00,10,12
1411,2017-02-01,49,35,0.06,10,21
1412,2017-02-02,46,35,0.00,10,25
1413,2017-02-03,34,28,0.00,10,25
1414,2017-02-04,36,24,0.00,10,25
1415,2017-02-05,45,33,0.00,10,18
1416,2017-02-06,50,38,0.00,10,21
1417,2017-02-07,41,37,0.04,9,21
1418,2017-02-08,61,39,0.21,10,13
1419,2017-02-09,43,19,0.15,10,32
1420,2017-02-10,32,19,0.29,10,22
1421,2017-02-11,48,31,0.00,10,10
1422,2017-02-12,40,32,0.02,10,23
1423,2017-02-13,42,33,0.41,10,41
1424,2017-02-14,41,31,0.00,10,17
1425,2017-02-15,49,37,0.00,10,24
1426,2017-02-16,38,31,0.00,10,28
1427,2017-02-17,44,29,0.00,10,20
1428,2017-02-18,64,38,0.00,10,15
1429,2017-02-19,66,53,0.00,10,17
1430,2017-02-20,54,41,0.00,10,17
1431,2017-02-21,47,36,0.00,10,15
1432,2017-02-22,57,45,0.00,10,12
1433,2017-02-23,64,42,0.00,10,13
1434,2017-02-24,68,50,0.00,10,18
1435,2017-02-25,65,47,0.00,10,24
1436,2017-02-26,45,39,0.32,10,24
1437,2017-02-27,54,38,0.00,10,17
1438,2017-02-28,57,44,0.00,10,13
1439,2017-03-01,71,53,0.00,10,18
1440,2017-03-02,65,38,0.12,10,35
1441,2017-03-03,41,27,0.00,10,28
1442,2017-03-04,32,19,0.00,10,31
1443,2017-03-05,37,17,0.00,10,21
1444,2017-03-06,44,28,0.00,10,13
1445,2017-03-07,53,43,0.00,10,13
1446,2017-03-08,61,49,0.16,10,26
1447,2017-03-09,63,49,0.00,10,29
1448,2017-03-10,48,27,0.00,10,31
1449,2017-03-11,30,20,0.24,10,29
1450,2017-03-12,32,22,0.00,10,21
1451,2017-03-13,36,23,0.00,10,18
1452,2017-03-14,34,24,0.32,10,36
1453,2017-03-15,29,23,0.71,10,29
1454,2017-03-16,41,27,0.00,10,24
1455,2017-03-18,41,35,0.00,10,21
1456,2017-03-19,48,36,0.07,10,24
1457,2017-03-20,52,38,0.00,10,16
1458,2017-03-21,61,45,0.00,10,17
1459,2017-03-22,51,27,0.00,10,33
1460,2017-03-23,44,26,0.00,10,17
1461,2017-03-24,58,38,0.00,10,18
1462,2017-03-25,56,44,0.00,10,15
1463,2017-03-26,45,39,0.10,10,20
1464,2017-03-27,49,39,0.02,10,15
1465,2017-03-28,44,42,0.42,10,18
1466,2017-03-29,58,43,0.43,10,18
1467,2017-03-30,52,41,0.00,10,14
1468,2017-03-31,46,39,0.33,10,29
1469,2017-04-01,48,39,1.78,10,29
1470,2017-04-02,63,43,0.00,10,22
1471,2017-04-03,62,48,0.00,10,18
1472,2017-04-04,53,46,1.60,10,21
1473,2017-04-05,61,46,0.03,10,16
1474,2017-04-06,53,43,0.02,10,30
1475,2017-04-07,53,44,0.83,10,30
1476,2017-04-08,57,43,0.00,10,23
1477,2017-04-09,67,46,0.00,10,18
1478,2017-04-10,73,52,0.00,10,13
1479,2017-04-11,77,58,0.00,10,16
1480,2017-04-12,76,55,0.00,10,13
1481,2017-04-13,65,51,0.03,10,20
1482,2017-04-14,65,51,0.00,10,14
1483,2017-04-15,63,53,0.00,10,18
1484,2017-04-16,88,60,0.00,10,21
1485,2017-04-17,73,61,0.00,10,20
1486,2017-04-18,63,50,0.00,10,20
1487,2017-04-19,54,46,0.00,10,16
1488,2017-04-20,66,50,0.19,10,16
1489,2017-04-21,54,48,0.30,10,18
1490,2017-04-22,55,49,0.02,10,15
1491,2017-04-23,64,48,0.07,10,15
1492,2017-04-24,58,48,0.00,10,12
1493,2017-04-25,57,50,0.07,10,31
1494,2017-04-26,61,52,0.73,10,25
1495,2017-04-27,69,56,0.13,10,17
1496,2017-04-28,84,55,0.00,10,17
1497,2017-04-29,87,66,0.06,10,25
1498,2017-04-30,68,54,0.00,10,16
1499,2017-05-01,73,50,0.00,10,17
1500,2017-05-02,78,63,0.00,10,31
1501,2017-05-03,66,56,0.00,10,24
1502,2017-05-04,65,51,0.00,10,15
1503,2017-05-05,63,54,0.01,10,23
1504,2017-05-06,66,56,2.31,10,25
1505,2017-05-07,57,51,0.01,10,20
1506,2017-05-08,61,48,0.00,10,23
1507,2017-05-09,61,49,0.00,10,18
1508,2017-05-10,64,52,0.00,10,13
1509,2017-05-11,63,52,0.00,10,13
1510,2017-05-12,63,52,0.00,10,15
1511,2017-05-13,55,48,0.13,10,26
1512,2017-05-14,68,48,1.61,10,32
1513,2017-05-15,69,56,0.01,10,29
1514,2017-05-16,82,60,0.00,10,16
1515,2017-05-17,94,67,0.00,10,16
1516,2017-05-18,96,80,0.00,10,21
1517,2017-05-19,95,71,0.00,10,17
1518,2017-05-20,68,59,0.01,10,17
1519,2017-05-21,70,57,0.00,10,16
1520,2017-05-22,63,57,0.11,10,13
1521,2017-05-23,70,59,0.53,10,14
1522,2017-05-24,67,58,0.03,10,17
1523,2017-05-25,59,57,0.10,10,20
1524,2017-05-26,76,57,0.89,10,21
1525,2017-05-27,72,62,0.00,10,14
1526,2017-05-28,70,59,0.00,10,15
1527,2017-05-29,62,56,0.13,10,16
1528,2017-05-30,62,55,0.03,10,14
1529,2017-05-31,77,57,0.08,10,13
1530,2017-06-01,81,61,0.00,10,17
1531,2017-06-02,77,61,0.00,10,22
1532,2017-06-03,73,59,0.00,10,18
1533,2017-06-04,70,61,0.00,10,12
1534,2017-06-05,66,59,0.06,10,17
1535,2017-06-06,59,53,0.00,10,21
1536,2017-06-07,69,52,0.03,10,13
1537,2017-06-08,69,58,0.00,10,12
1538,2017-06-09,82,57,0.00,10,20
1539,2017-06-10,88,68,0.00,10,18
1540,2017-06-11,94,75,0.00,10,20
1541,2017-06-12,95,77,0.00,10,15
1542,2017-06-13,100,81,0.00,10,17
1543,2017-06-14,81,70,0.48,10,16
1544,2017-06-15,75,64,0.02,10,17
1545,2017-06-16,69,63,0.00,10,14
1546,2017-06-17,73,64,0.00,10,10
1547,2017-06-18,83,70,1.26,10,23
1548,2017-06-19,86,70,0.00,10,21
1549,2017-06-20,85,70,1.23,10,22
1550,2017-06-21,85,75,0.00,10,21
1551,2017-06-22,84,68,0.00,10,17
1552,2017-06-23,85,77,0.00,10,18
1553,2017-06-24,86,71,0.96,10,22
1554,2017-06-25,84,70,0.18,10,20
1555,2017-06-27,78,63,0.16,10,17
1556,2017-06-28,80,64,0.00,10,17
1557,2017-06-29,82,69,0.00,10,18
1558,2017-06-30,88,75,0.00,10,17
1559,2017-07-01,82,74,0.00,10,22
1560,2017-07-02,91,74,0.07,10,15
1561,2017-07-03,89,74,0.00,10,22
1562,2017-07-04,84,71,0.12,10,9
1563,2017-07-05,84,70,0.00,10,15
1564,2017-07-06,78,70,0.00,10,13
1565,2017-07-07,82,68,0.01,10,17
1566,2017-07-08,87,75,0.00,10,22
1567,2017-07-09,83,70,0.00,10,15
1568,2017-07-10,85,73,0.00,10,20
1569,2017-07-11,87,75,0.00,10,14
1570,2017-07-12,90,79,0.00,10,21
1571,2017-07-13,93,74,0.00,10,16
1572,2017-07-14,73,65,0.01,10,15
1573,2017-07-15,85,66,0.47,10,13
1574,2017-07-16,85,71,0.00,10,15
1575,2017-07-17,86,75,0.00,10,16
1576,2017-07-18,87,76,0.00,10,16
1577,2017-07-19,93,78,0.00,10,16
1578,2017-07-20,96,78,0.00,10,17
1579,2017-07-21,93,78,0.00,10,16
1580,2017-07-22,88,76,0.00,10,13
1581,2017-07-23,79,72,0.60,10,14
1582,2017-07-24,73,64,0.46,10,29
1583,2017-07-25,70,62,0.45,10,13
1584,2017-07-26,78,65,0.00,10,12
1585,2017-07-27,77,67,0.00,10,13
1586,2017-07-28,82,71,0.00,10,12
1587,2017-07-29,76,68,0.00,10,23
1588,2017-07-30,82,66,0.00,10,12
1589,2017-07-31,88,70,0.00,10,13
1590,2017-08-01,91,72,0.00,10,14
1591,2017-08-02,86,69,0.00,10,23
1592,2017-08-03,86,71,0.08,10,17
1593,2017-08-04,84,71,0.10,10,22
1594,2017-08-05,80,71,0.82,10,23
1595,2017-08-06,76,66,0.00,10,17
1596,2017-08-07,72,66,0.00,10,12
1597,2017-08-08,80,65,0.43,10,15
1598,2017-08-09,84,68,0.00,10,13
1599,2017-08-10,85,71,0.00,10,16
1600,2017-08-11,81,72,0.00,10,15
1601,2017-08-12,77,65,0.17,10,15
1602,2017-08-13,83,72,0.00,10,14
1603,2017-08-14,81,71,0.00,10,12
1604,2017-08-15,75,69,0.32,10,9
1605,2017-08-16,85,71,0.12,10,10
1606,2017-08-17,81,71,0.00,10,12
1607,2017-08-18,83,73,0.01,10,15
1608,2017-08-20,83,71,0.00,10,16
1609,2017-08-21,87,75,0.00,10,15
1610,2017-08-22,90,75,0.00,10,23
1611,2017-08-23,81,74,0.25,10,17
1612,2017-08-24,80,70,0.00,10,15
1613,2017-08-25,77,66,0.00,10,12
1614,2017-08-26,77,65,0.00,10,12
1615,2017-08-27,76,64,0.00,10,12
1616,2017-08-28,74,65,0.00,10,18
1617,2017-08-29,69,61,0.00,10,20
1618,2017-08-30,79,61,0.32,10,16
1619,2017-08-31,81,67,0.00,10,21
1620,2017-09-01,71,56,0.00,10,16
1621,2017-09-02,67,57,0.00,10,15
1622,2017-09-03,71,59,0.79,10,15
1623,2017-09-04,81,64,0.40,10,16
1624,2017-09-05,84,71,0.00,10,21
1625,2017-09-06,74,62,0.00,10,21
1626,2017-09-07,73,61,0.44,10,16
1627,2017-09-08,73,62,0.00,10,17
1628,2017-09-09,69,58,0.00,10,15
1629,2017-09-10,73,59,0.00,10,17
1630,2017-09-11,78,59,0.00,10,10
1631,2017-09-12,82,64,0.00,10,8
1632,2017-09-13,83,67,0.00,10,13
1633,2017-09-14,83,70,0.02,10,17
1634,2017-09-15,81,70,0.00,10,10
1635,2017-09-16,80,69,0.00,10,13
1636,2017-09-17,80,69,0.00,10,10
1637,2017-09-18,74,68,0.00,10,15
1638,2017-09-19,77,71,0.00,10,22
1639,2017-09-20,78,71,0.19,10,21
1640,2017-09-21,79,72,0.00,10,14
1641,2017-09-22,80,68,0.00,10,20
1642,2017-09-23,86,70,0.00,10,16
1643,2017-09-24,90,71,0.00,10,9
1644,2017-09-25,85,71,0.00,10,13
1645,2017-09-26,81,69,0.00,10,10
1646,2017-09-27,83,70,0.00,10,15
1647,2017-09-28,77,62,0.00,10,23
1648,2017-09-29,69,58,0.00,10,13
1649,2017-09-30,65,55,0.00,10,21
1650,2017-10-01,69,52,0.00,10,10
1651,2017-10-02,74,56,0.00,10,10
1652,2017-10-03,70,59,0.00,10,14
1653,2017-10-04,74,58,0.00,10,16
1654,2017-10-05,84,66,0.00,10,17
1655,2017-10-06,81,70,0.00,10,13
1656,2017-10-07,80,66,0.00,10,17
1657,2017-10-08,79,72,0.00,10,13
1658,2017-10-09,78,71,0.39,10,25
1659,2017-10-10,81,69,0.21,10,17
1660,2017-10-11,74,64,0.00,10,17
1661,2017-10-12,65,56,0.07,10,23
1662,2017-10-13,67,53,0.00,10,18
1663,2017-10-14,72,62,0.03,10,13
1664,2017-10-15,74,66,0.00,10,16
1665,2017-10-16,70,50,0.01,10,23
1666,2017-10-17,61,46,0.00,10,14
1667,2017-10-18,74,53,0.00,10,10
1668,2017-10-19,72,58,0.00,10,16
1669,2017-10-20,73,62,0.00,10,16
1670,2017-10-21,79,59,0.00,10,14
1671,2017-10-22,75,59,0.00,10,13
1672,2017-10-23,74,61,0.00,10,20
1673,2017-10-24,76,67,0.04,10,30
1674,2017-10-25,68,60,0.09,10,15
1675,2017-10-26,59,52,0.00,10,21
1676,2017-10-27,63,51,0.00,10,14
1677,2017-10-28,68,54,0.00,10,22
1678,2017-10-29,67,61,0.10,10,29
1679,2017-10-30,62,48,2.79,10,30
1680,2017-10-31,57,49,0.05,10,24
1681,2017-11-01,58,47,0.00,10,12
1682,2017-11-02,72,58,0.00,10,15
1683,2017-11-03,75,54,0.00,10,22
1684,2017-11-04,55,48,0.00,10,14
1685,2017-11-05,62,52,0.02,10,14
1686,2017-11-06,66,49,0.08,10,18
1687,2017-11-07,50,41,0.00,10,17
1688,2017-11-08,49,40,0.60,10,17
1689,2017-11-09,56,42,0.00,10,15
1690,2017-11-10,52,27,0.00,10,28
1691,2017-11-11,38,26,0.00,10,21
1692,2017-11-12,47,35,0.00,10,9
1693,2017-11-13,50,42,0.00,10,12
1694,2017-11-14,47,39,0.05,10,12
1695,2017-11-15,50,38,0.00,10,16
1696,2017-11-16,58,45,0.70,10,22
1697,2017-11-17,49,41,0.08,10,26
1698,2017-11-18,56,37,0.00,10,15
1699,2017-11-19,60,39,0.33,10,32
1700,2017-11-20,48,38,0.02,10,21
1701,2017-11-21,59,43,0.00,10,18
1702,2017-11-22,55,37,0.00,10,25
1703,2017-11-23,44,34,0.16,10,20
1704,2017-11-24,51,38,0.00,10,9
1705,2017-11-25,58,42,0.00,10,15
1706,2017-11-26,53,42,0.00,10,24
1707,2017-11-27,52,42,0.00,10,21
1708,2017-11-28,53,37,0.00,10,14
1709,2017-11-29,63,44,0.00,10,18
1710,2017-11-30,53,40,0.00,10,14
1711,2017-12-01,52,43,0.02,10,16
1712,2017-12-03,48,43,0.00,10,9
1713,2017-12-04,50,41,0.00,10,13
1714,2017-12-05,60,50,0.00,10,21
1715,2017-12-06,58,41,0.69,10,22
1716,2017-12-07,45,40,0.00,10,25
1717,2017-12-08,40,36,0.00,10,13
1718,2017-12-09,37,31,0.00,10,15
1719,2017-12-10,40,32,0.34,10,18
1720,2017-12-11,42,35,0.00,10,15
1721,2017-12-12,51,32,0.00,10,32
1722,2017-12-13,33,22,0.00,10,35
1723,2017-12-14,33,24,0.05,10,22
1724,2017-12-15,29,23,0.02,10,15
1725,2017-12-16,40,26,0.13,10,21
1726,2017-12-17,37,34,0.00,10,9
1727,2017-12-18,47,35,0.02,10,12
1728,2017-12-19,56,47,0.00,10,18
1729,2017-12-20,52,36,0.00,10,23
1730,2017-12-21,41,34,0.00,10,13
1731,2017-12-22,51,36,0.00,10,14
1732,2017-12-23,53,37,0.05,10,18
1733,2017-12-24,41,36,0.49,10,18
1734,2017-12-25,39,28,0.23,10,31
1735,2017-12-26,28,24,0.00,10,23
1736,2017-12-27,25,18,0.00,10,18
1737,2017-12-28,19,12,0.00,10,24
1738,2017-12-29,21,12,0.00,10,18
1739,2017-12-30,23,18,0.00,10,17
1740,2017-12-31,21,10,0.48,10,23
1741,2018-01-01,19,8,0.00,10,22
1742,2018-01-02,26,14,0.00,10,21
1743,2018-01-03,30,18,0.00,10,16
1744,2018-01-04,29,20,0.02,10,37
1745,2018-01-05,19,11,6.54,10,31
1746,2018-01-06,14,8,0.00,10,32
1747,2018-01-07,18,6,0.00,10,21
1748,2018-01-09,43,31,1.29,10,21
1749,2018-01-10,40,28,0.00,10,10
1750,2018-01-11,47,35,0.00,10,8
1751,2018-01-12,60,38,0.01,10,20
1752,2018-01-13,52,20,0.79,10,28
1753,2018-01-14,23,16,0.00,10,22
1754,2018-01-15,29,17,0.00,10,18
1755,2018-01-16,34,25,0.00,10,10
1756,2018-01-17,36,23,0.05,10,17
1757,2018-01-18,33,21,0.12,10,20
1758,2018-01-19,39,26,0.00,10,15
1759,2018-01-20,54,38,0.00,10,21
1760,2018-01-21,52,43,0.00,10,9
1761,2018-01-22,43,37,0.00,10,16
1762,2018-01-23,59,36,0.03,10,20
1763,2018-01-24,45,28,0.28,10,24
1764,2018-01-25,35,24,0.00,10,21
1765,2018-01-26,38,28,0.00,10,10
1766,2018-01-27,56,36,0.00,10,17
1767,2018-01-28,54,42,0.19,10,16
1768,2018-01-29,43,35,0.08,10,21
1769,2018-01-30,37,26,0.06,10,28
1770,2018-02-01,44,33,0.00,10,12
1771,2018-02-02,39,18,0.23,10,32
1772,2018-02-03,31,17,0.00,10,18
1773,2018-02-04,47,31,0.00,10,15
1774,2018-02-05,41,28,1.01,10,30
1775,2018-02-06,38,28,0.00,10,10
1776,2018-02-08,34,27,0.85,10,22
1777,2018-02-09,39,28,0.00,10,16
1778,2018-02-10,51,39,0.00,10,10
1779,2018-02-11,58,42,0.82,10,15
1780,2018-02-12,62,34,0.99,10,22
1781,2018-02-13,37,27,0.00,10,15
1782,2018-02-14,53,36,0.01,10,15
1783,2018-02-15,60,46,0.13,10,14
1784,2018-02-16,59,37,0.16,10,26
1785,2018-02-17,39,30,0.05,10,16
1786,2018-02-18,45,33,0.62,10,20
1787,2018-02-19,49,34,0.00,10,14
1788,2018-02-20,69,48,0.03,10,18
1789,2018-02-21,78,50,0.00,10,16
1790,2018-02-22,57,37,0.02,10,15
1791,2018-02-23,44,37,0.11,10,15
1792,2018-02-24,53,43,0.07,10,15
1793,2018-02-25,45,40,0.62,10,20
1794,2018-02-26,52,44,0.22,10,15
1795,2018-02-28,61,43,0.00,10,15
1796,2018-03-01,58,43,0.00,10,15
1797,2018-03-02,44,36,1.47,10,37
1798,2018-03-03,46,38,0.71,10,30
1799,2018-03-04,44,35,0.00,10,26
1800,2018-03-05,41,35,0.00,10,23
1801,2018-03-06,46,35,0.00,10,16
1802,2018-03-07,39,34,0.10,10,30
1803,2018-03-08,41,34,0.80,10,16
1804,2018-03-09,44,32,0.00,10,28
1805,2018-03-10,41,33,0.00,10,20
1806,2018-03-11,46,34,0.00,10,18
1807,2018-03-12,42,33,0.00,10,20
1808,2018-03-13,41,34,0.21,10,24
1809,2018-03-14,42,33,0.05,10,24
1810,2018-03-15,48,34,0.00,10,22
1811,2018-03-16,39,33,0.00,10,30
1812,2018-03-17,48,29,0.00,10,22
1813,2018-03-18,44,30,0.00,10,20
1814,2018-03-19,47,34,0.00,10,14
1815,2018-03-20,39,31,0.00,10,20
1816,2018-03-21,40,32,0.00,10,32
1817,2018-03-22,51,33,0.64,10,20
1818,2018-03-23,50,37,0.00,10,17
1819,2018-03-24,50,37,0.00,10,20
1820,2018-03-25,43,35,0.00,10,21
1821,2018-03-26,49,34,0.00,10,18
1822,2018-03-27,44,35,0.00,10,10
1823,2018-03-28,52,39,0.04,10,12
1824,2018-03-29,52,46,0.00,10,12
1825,2018-03-30,57,43,0.02,10,21
1826,2018-04-01,58,44,0.00,10,16
1827,2018-04-02,43,32,0.40,10,16
1828,2018-04-03,43,39,0.15,10,14
1829,2018-04-04,56,41,0.28,10,30
1830,2018-04-05,45,35,0.11,10,32
1831,2018-04-06,62,37,0.00,10,21
1832,2018-04-07,49,39,0.09,10,20
1833,2018-04-08,44,33,0.00,10,28
1834,2018-04-09,48,33,0.00,10,16
1835,2018-04-10,50,40,0.00,10,14
1836,2018-04-11,50,39,0.00,10,15
1837,2018-04-12,60,46,0.00,10,16
1838,2018-04-13,82,58,0.00,10,15
1839,2018-04-14,68,46,0.00,10,21
1840,2018-04-15,46,39,0.00,10,28
1841,2018-04-16,61,39,1.24,10,29
1842,2018-04-17,47,42,1.62,10,21
1843,2018-04-18,54,39,0.00,10,17
1844,2018-04-19,48,40,0.07,10,25
1845,2018-04-20,50,38,0.08,10,22
1846,2018-04-21,62,41,0.00,10,16
1847,2018-04-22,64,47,0.00,10,17
1848,2018-04-23,63,45,0.00,10,14
